{
  "MAE": 621.35107421875,
  "RMSE": 868.0377295947452,
  "MAPE%": 3.5240553319454193,
  "lookback_days": 30,
  "val_days": 90,
  "test_start": "2024-01-01"
}