{
  "MAE": 363.1543174719488,
  "RMSE": 474.87083825151143,
  "MAPE%": 2.0586480149147186,
  "best_iteration": 353,
  "val_days": 90,
  "test_start": "2024-01-01"
}